Station, Sample,  Excel, Decimal, Depth,   Salinity,    Temp, d13C-DIC,  DIC,   ALK
HAWI, 1988-10-30, 32446, 1988.8279,  20,      35.229,   26.19,   1.6,  1963.2,  2320.07
HAWI, 1988-12-02, 32479, 1988.9180,   1,      34.984,   25.62,  1.49, 1954.77,  2306.08
HAWI, 1988-12-02, 32479, 1988.9180,  26,      34.991,   25.56,  1.54, 1954.23,  2304.47
HAWI, 1989-01-08, 32516, 1989.0192,  38,      35.028,   24.63,   1.6, 1963.64,  2299.31
HAWI, 1989-01-08, 32516, 1989.0192,   3,       35.03,   24.63,  1.47,  1963.1,  2303.87
HAWI, 1989-03-27, 32594, 1989.2329,   5,      34.639,   24.36,  1.65, 1945.83,  2280.73
HAWI, 1989-03-27, 32594, 1989.2329,  28,      34.682,   24.33,  1.66, 1946.47,  2283.31
HAWI, 1989-05-19, 32647, 1989.3781,   5,      34.977,   23.89,  1.48,    1966,  2307.06
HAWI, 1989-05-19, 32647, 1989.3781,  24,      35.002,   23.85,   1.5, 1967.16,  2306.12
HAWI, 1989-06-06, 32665, 1989.4274,  25,      34.495,    25.8,  1.55, 1938.06,  2276.29
HAWI, 1989-06-06, 32665, 1989.4274,   5,      34.504,    25.8,  1.57, 1939.21,  2275.56
HAWI, 1989-07-29, 32718, 1989.5726,   6,      34.921,   25.43,  1.56, 1957.14,  2300.57
HAWI, 1989-07-29, 32718, 1989.5726,  26,       34.92,   25.37,  1.56, 1956.45,  2302.42
HAWI, 1989-08-24, 32744, 1989.6438,   5,       34.66,   26.21,  1.58,  1943.2,  2284.06
HAWI, 1989-08-24, 32744, 1989.6438,  26,       34.66,    26.2,  1.54,  1943.3,  2286.21
HAWI, 1989-09-23, 32774, 1989.7260,   8,      34.771,   26.35,  1.59,  1946.5,  2286.48
HAWI, 1989-09-23, 32774, 1989.7260,  25,      34.771,   26.34,  1.61,  1947.6,   2287.3
HAWI, 1989-10-19, 32800, 1989.7973,   7,      34.907,   26.18,  1.71, 1952.57,  2299.43
HAWI, 1989-10-19, 32800, 1989.7973,  29,       34.91,      26,  1.62, 1953.09,  2298.01
HAWI, 1989-11-28, 32840, 1989.9068,   6,       34.93,   25.07,  1.62,  1957.3,  2302.79
HAWI, 1989-11-28, 32840, 1989.9068,  25,      34.932,   25.07,  1.64, 1957.32,   2300.7
HAWI, 1990-02-16, 32920, 1990.1260,   5,      34.735,   24.12,  1.61, 1952.51,  2286.59
HAWI, 1990-02-16, 32920, 1990.1260,  25,      34.736,   24.14,  1.58, 1952.31,  2286.53
HAWI, 1990-03-19, 32951, 1990.2110,   5,      34.849,    23.1,   NaN, 1964.78,  2294.26
HAWI, 1990-03-19, 32951, 1990.2110,  25,      34.847,   23.11,   1.5,  1965.1,  2293.27
HAWI, 1990-04-13, 32976, 1990.2795,  25,      35.051,   22.59,  1.56, 1975.58,  2306.22
HAWI, 1990-04-13, 32976, 1990.2795,   5,      35.026,   23.09,  1.56,  1974.3,  2304.89
HAWI, 1990-05-09, 33002, 1990.3507,   5,       34.93,    24.1,  1.55, 1965.73,  2297.23
HAWI, 1990-05-09, 33002, 1990.3507,  25,      34.932,    23.7,  1.57, 1966.18,  2295.75
HAWI, 1990-06-13, 33037, 1990.4466,  25,      35.063,   24.65,   NaN, 1971.53,      NaN
HAWI, 1990-06-13, 33037, 1990.4466,   5,      35.069,   24.64,  1.54, 1971.85,   2304.9
HAWI, 1990-07-25, 33079, 1990.5616,  25,      34.868,   25.81,  1.57, 1954.73,  2291.91
HAWI, 1990-07-25, 33079, 1990.5616,   5,      34.874,   25.82,  1.64, 1955.51,  2291.54
HAWI, 1990-09-14, 33130, 1990.7014,  10,      34.981,    26.5,  1.59, 1966.65,  2305.48
HAWI, 1990-09-14, 33130, 1990.7014,  20,      34.983,   26.45,   1.6, 1966.77,  2303.46
HAWI, 1990-12-17, 33224, 1990.9589,  25,      35.211,   23.97,  1.56, 1977.72,  2317.02
HAWI, 1990-12-17, 33224, 1990.9589,  10,      35.206,   23.97,  1.57,  1977.2,  2313.96
HAWI, 1990-12-18, 33225, 1990.9616,   7,      35.225,      24,  1.59, 1979.26,  2317.18
HAWI, 1990-12-18, 33225, 1990.9616,  37,      35.225,      24,  1.57, 1978.97,  2316.12
HAWI, 1991-02-02, 33271, 1991.0877,  26,      35.076,   23.48,   NaN,  1973.9,   2304.6
HAWI, 1991-02-02, 33271, 1991.0877,   6,      35.062,   23.52,   NaN, 1970.57,  2300.23
HAWI, 1991-03-06, 33303, 1991.1753,   5,      35.191,   22.68,   NaN, 1981.26,  2314.43
HAWI, 1991-03-06, 33303, 1991.1753,  25,      35.177,   22.67,   NaN, 1981.28,  2316.02
HAWI, 1991-04-09, 33337, 1991.2685,  25,      34.938,    23.4,  1.46, 1968.35,  2294.48
HAWI, 1991-04-09, 33337, 1991.2685,   6,      35.031,    23.4,  1.47, 1970.16,  2293.69
HAWI, 1991-05-08, 33366, 1991.3479,  28,      34.896,   23.94,  1.45, 1965.57,  2295.56
HAWI, 1991-05-08, 33366, 1991.3479,  11,        34.9,   23.93,  1.46, 1964.35,  2298.77
HAWI, 1991-06-04, 33393, 1991.4219,  28,      34.964,    24.6,  1.48, 1966.57,  2301.56
HAWI, 1991-06-04, 33393, 1991.4219,   6,      34.957,   24.67,   NaN,     NaN,  2304.27
HAWI, 1991-07-09, 33428, 1991.5178,  23,      34.875,   25.54,  1.52, 1960.99,  2297.02
HAWI, 1991-07-09, 33428, 1991.5178,   3,      34.895,   25.58,  1.51, 1963.19,  2296.21
HAWI, 1991-08-10, 33460, 1991.6055,  26,      34.953,   25.88,  1.53, 1964.04,  2301.54
HAWI, 1991-08-10, 33460, 1991.6055,   7,      34.955,   25.88,  1.51,  1965.9,  2299.59
HAWI, 1991-09-17, 33498, 1991.7096,  31,      35.027,   26.29,  1.54, 1963.97,  2307.31
HAWI, 1991-10-21, 33532, 1991.8027,   7,      34.801,   26.91,  1.54, 1944.41,  2287.25
HAWI, 1991-10-21, 33532, 1991.8027,  27,      34.802,   26.91,  1.53, 1944.55,  2290.34
HAWI, 1991-12-06, 33578, 1991.9288,  24,      34.916,   25.76,  1.52, 1955.52,  2299.34
HAWI, 1991-12-06, 33578, 1991.9288,   7,      34.913,   25.76,  1.53, 1955.51,  2300.38
HAWI, 1992-01-04, 33607, 1992.0082,  26,      34.996,   24.26,   NaN,     NaN,      NaN
HAWI, 1992-01-04, 33607, 1992.0082,   6,      35.009,   24.26,   NaN,     NaN,      NaN
HAWI, 1992-02-15, 33649, 1992.1230,  31,       35.14,   23.02,  1.43, 1980.01,   2312.5
HAWI, 1992-02-15, 33649, 1992.1230,   6,      35.028,   22.99,  1.42,  1973.3,  2305.14
HAWI, 1992-04-16, 33710, 1992.2896,  29,      35.088,   23.58,  1.47, 1973.93,  2310.43
HAWI, 1992-04-16, 33710, 1992.2896,   8,      35.106,   23.64,  1.44, 1978.44,   2309.5
HAWI, 1992-06-08, 33763, 1992.4344,  25,       34.83,   25.83,  1.46, 1956.68,  2292.35
HAWI, 1992-06-08, 33763, 1992.4344,   5,      34.825,   25.85,  1.47, 1957.71,  2291.79
HAWI, 1992-07-05, 33790, 1992.5082,  28,      35.165,   25.13,  1.47, 1975.58,  2316.63
HAWI, 1992-08-06, 33822, 1992.5956,  31,      34.931,   26.11,  1.49, 1957.76,  2297.22
HAWI, 1992-08-06, 33822, 1992.5956,  10,      34.933,    26.1,  1.49, 1956.16,  2298.14
HAWI, 1992-09-21, 33868, 1992.7213,  25,      35.064,   26.27,  1.53,  1960.8,      NaN
HAWI, 1992-09-21, 33868, 1992.7213,   6,      35.073,   26.32,  1.52, 1961.59,  2308.33
HAWI, 1992-10-18, 33895, 1992.7951,  25,      35.108,   26.45,  1.53,    1962,  2311.18
HAWI, 1992-10-18, 33895, 1992.7951,   8,       35.09,   26.55,  1.51, 1962.24,      NaN
HAWI, 1992-11-24, 33932, 1992.8962,  25,       34.77,   25.71,  1.53, 1948.22,  2285.32
HAWI, 1992-11-24, 33932, 1992.8962,   5,       34.78,   25.72,  1.52, 1948.32,  2288.19
HAWI, 1992-12-16, 33954, 1992.9563,  25,      34.865,    24.9,   NaN,     NaN,      NaN
HAWI, 1992-12-16, 33954, 1992.9563,   5,      34.844,   24.99,   NaN,     NaN,      NaN
HAWI, 1993-01-20, 33989, 1993.0521,  25,      35.005,   22.98,  1.37, 1969.23,  2300.76
HAWI, 1993-01-20, 33989, 1993.0521,   5,      34.995,   23.04,   1.4, 1968.31,  2301.94
HAWI, 1993-02-16, 34016, 1993.1260,  25,      34.954,   23.42,   1.4, 1965.64,     2301
HAWI, 1993-02-16, 34016, 1993.1260,   5,      34.874,   23.74,  1.43, 1958.41,  2293.54
HAWI, 1993-04-13, 34072, 1993.2795,  25,      35.071,   23.48,  1.36, 1974.21,  2309.23
HAWI, 1993-04-13, 34072, 1993.2795,   5,      35.073,   23.48,  1.45, 1974.41,   2307.4
HAWI, 1993-05-21, 34110, 1993.3836,  25,      35.069,   23.85,  1.44, 1971.32,  2308.49
HAWI, 1993-05-21, 34110, 1993.3836,   5,      35.065,   24.04,  1.42, 1971.37,  2307.82
HAWI, 1993-09-14, 34226, 1993.7014,   5,      35.259,   26.45,  1.48,  1974.7,  2324.58
HAWI, 1993-09-14, 34226, 1993.7014,  25,      35.263,   26.46,  1.45, 1974.05,  2324.56
HAWI, 1993-10-29, 34271, 1993.8247,  27,      35.159,   25.97,  1.47, 1963.04,  2314.15
HAWI, 1993-10-29, 34271, 1993.8247,   7,      35.153,   25.97,  1.44, 1967.21,  2313.51
HAWI, 1994-01-19, 34353, 1994.0493,  27,       35.16,   22.87,   1.4, 1981.99,  2317.81
HAWI, 1994-01-19, 34353, 1994.0493,   6,      35.161,   22.86,  1.42, 1981.19,  2312.05
HAWI, 1994-02-17, 34382, 1994.1288,  26,      35.013,   22.44,  1.37, 1977.74,  2303.98
HAWI, 1994-02-17, 34382, 1994.1288,   4,      34.932,    22.4,  1.36, 1973.21,  2294.56
HAWI, 1994-03-09, 34402, 1994.1836,  25,      35.114,   23.33,  1.37, 1979.21,  2301.63
HAWI, 1994-03-09, 34402, 1994.1836,   5,      35.118,   23.75,  1.36, 1980.67,  2310.57
HAWI, 1994-06-20, 34505, 1994.4658,  25,      34.843,   24.82,   1.4, 1961.67,  2293.73
HAWI, 1994-06-20, 34505, 1994.4658,   5,      34.846,   24.82,  1.37, 1962.84,  2289.25
HAWI, 1994-07-25, 34540, 1994.5616,  25,      34.893,   25.54,  1.42, 1961.03,  2296.46
HAWI, 1994-07-25, 34540, 1994.5616,   5,      34.892,   25.56,  1.38, 1961.52,  2291.81
HAWI, 1994-08-30, 34576, 1994.6603,  25,      34.907,   26.25,  1.42, 1954.61,  2297.03
HAWI, 1994-08-30, 34576, 1994.6603,   5,      34.912,   26.32,  1.44, 1955.26,  2294.93
HAWI, 1994-09-23, 34600, 1994.7260,  25,       34.85,   26.45,  1.45, 1954.61,   2294.8
HAWI, 1994-09-23, 34600, 1994.7260,   5,      34.849,   26.44,  1.39, 1959.28,   2290.9
HAWI, 1994-10-15, 34622, 1994.7863,   5,      34.934,   26.18,  1.43, 1961.83,   2292.4
HAWI, 1994-10-15, 34622, 1994.7863,  25,      34.931,   26.19,  1.45, 1960.09,  2301.73
HAWI, 1994-11-20, 34658, 1994.8849,  25,      34.966,   25.18,  1.42, 1963.28,  2303.81
HAWI, 1994-11-20, 34658, 1994.8849,   5,      34.967,   25.17,  1.41, 1964.17,  2303.43
HAWI, 1995-02-06, 34736, 1995.0986,  25,      34.289,   23.52,   1.4, 1940.41,  2259.84
HAWI, 1995-02-06, 34736, 1995.0986,   5,      34.292,   23.53,  1.38, 1940.72,  2262.23
HAWI, 1995-03-04, 34762, 1995.1699,  25,      34.688,   23.13,  1.39, 1962.48,  2281.54
HAWI, 1995-03-04, 34762, 1995.1699,   5,      34.683,   23.13,  1.38, 1962.47,  2287.56
HAWI, 1995-04-06, 34795, 1995.2603,  25,      34.535,   23.74,  1.42, 1952.35,  2277.73
HAWI, 1995-04-06, 34795, 1995.2603,   5,      34.529,   23.73,  1.36, 1955.08,  2276.04
HAWI, 1995-05-07, 34826, 1995.3452,  25,      34.726,   23.47,  1.36, 1961.49,  2287.75
HAWI, 1995-05-07, 34826, 1995.3452,   5,      34.722,   23.46,  1.38, 1961.11,  2288.16
HAWI, 1995-07-30, 34910, 1995.5753,  24,      34.917,   25.65,  1.39, 1966.03,  2300.71
HAWI, 1995-07-30, 34910, 1995.5753,   5,      34.919,   25.64,  1.41, 1965.35,  2298.11
HAWI, 1995-08-29, 34940, 1995.6575,  25,      34.934,   25.93,  1.36, 1969.01,  2299.36
HAWI, 1995-08-29, 34940, 1995.6575,   5,       34.93,   25.93,  1.39, 1961.39,  2300.44
HAWI, 1995-09-26, 34968, 1995.7342,  25,      34.888,   26.97,  1.44, 1957.04,  2299.44
HAWI, 1995-09-26, 34968, 1995.7342,   5,      34.887,   26.96,  1.42, 1956.44,  2300.79
HAWI, 1995-10-27, 34999, 1995.8192,  25,       35.03,   26.06,  1.43,  1964.1,  2306.98
HAWI, 1995-10-27, 34999, 1995.8192,   5,      35.023,   26.09,  1.41,  1964.5,  2303.85
HAWI, 1995-11-17, 35020, 1995.8767,  25,      34.942,    25.7,  1.42, 1959.27,  2300.01
HAWI, 1995-11-17, 35020, 1995.8767,   5,      34.942,   25.69,  1.41, 1958.82,  2300.69
HAWI, 1996-01-17, 35081, 1996.0437,  25,      34.863,    24.8,  1.37, 1960.36,  2296.96
HAWI, 1996-01-17, 35081, 1996.0437,   5,      34.843,    24.9,  1.34, 1960.53,  2298.25
HAWI, 1996-03-27, 35151, 1996.2350,  25,      34.849,   23.17,  1.35, 1968.72,  2293.78
HAWI, 1996-03-27, 35151, 1996.2350,   5,      34.848,   23.17,  1.35, 1969.57,  2297.69
HAWI, 1996-04-24, 35179, 1996.3115,  25,      34.759,   24.09,  1.37, 1961.07,  2292.98
HAWI, 1996-04-24, 35179, 1996.3115,   5,      34.758,   24.15,  1.36, 1961.54,  2290.05
HAWI, 1996-05-22, 35207, 1996.3880,  25,      34.931,   24.52,  1.35, 1970.36,  2302.49
HAWI, 1996-05-22, 35207, 1996.3880,   5,      34.871,   25.37,  1.35, 1968.05,  2298.48
HAWI, 1996-06-26, 35242, 1996.4836,  25,      34.449,    26.3,   1.4, 1941.22,   2269.4
HAWI, 1996-06-26, 35242, 1996.4836,   5,       34.45,    26.3,  1.39, 1940.95,  2270.41
HAWI, 1996-07-27, 35273, 1996.5683,  25,      34.577,    26.2,  1.39, 1944.29,  2276.04
HAWI, 1996-07-27, 35273, 1996.5683,   5,      34.563,   26.28,  1.43, 1943.21,  2274.95
HAWI, 1996-08-22, 35299, 1996.6393,  25,      34.716,   26.94,   1.4, 1947.63,  2280.98
HAWI, 1996-08-22, 35299, 1996.6393,   5,      34.718,   26.97,  1.42,  1947.2,  2283.48
HAWI, 1996-10-02, 35340, 1996.7514,  25,      34.885,   27.17,   1.4, 1948.62,  2291.14
HAWI, 1996-10-02, 35340, 1996.7514,   5,      34.833,   27.29,  1.42, 1946.08,   2289.4
HAWI, 1996-10-30, 35368, 1996.8279,  25,      35.058,   26.51,  1.38, 1960.97,  2299.06
HAWI, 1996-10-30, 35368, 1996.8279,   5,      35.057,    26.5,  1.43, 1960.03,  2299.42
HAWI, 1996-12-11, 35410, 1996.9426,  25,      34.964,   24.25,  1.38, 1963.09,  2293.46
HAWI, 1996-12-11, 35410, 1996.9426,   5,      34.964,   24.23,  1.36, 1964.06,  2295.42
HAWI, 1997-01-08, 35438, 1997.0192,  24,      34.956,   23.45,  1.31, 1970.74,  2295.44
HAWI, 1997-01-08, 35438, 1997.0192,   4,      34.954,   23.43,  1.35, 1971.96,  2296.08
HAWI, 1997-02-18, 35479, 1997.1315,  25,       34.93,   23.92,  1.37, 1969.65,  2292.79
HAWI, 1997-02-18, 35479, 1997.1315,   5,      34.928,   23.91,  1.36, 1970.97,  2295.51
HAWI, 1997-03-12, 35501, 1997.1918,  25,       35.05,   22.35,  1.25, 1982.47,  2301.98
HAWI, 1997-03-12, 35501, 1997.1918,   5,      35.018,   23.23,   1.3, 1981.31,  2298.78
HAWI, 1997-04-09, 35529, 1997.2685,  25,      34.958,   23.29,  1.32, 1972.57,  2301.69
HAWI, 1997-04-09, 35529, 1997.2685,   5,      34.972,   23.87,  1.28, 1976.61,  2296.09
HAWI, 1997-05-06, 35556, 1997.3425,  25,      34.875,   24.69,  1.33, 1967.65,  2291.67
HAWI, 1997-05-06, 35556, 1997.3425,   5,       34.87,   24.69,  1.31,  1972.5,  2294.94
HAWI, 1997-06-04, 35585, 1997.4219,  25,      34.882,    25.3,  1.37,  1959.8,  2294.35
HAWI, 1997-06-04, 35585, 1997.4219,   5,       34.88,    25.3,  1.37, 1960.66,  2294.03
HAWI, 1997-07-09, 35620, 1997.5178,  24,      35.027,   25.53,  1.36, 1971.03,  2305.03
HAWI, 1997-07-09, 35620, 1997.5178,   5,      35.027,   25.53,  1.41, 1970.01,  2307.12
HAWI, 1997-08-02, 35644, 1997.5836,  25,      35.121,   25.88,  1.36,  1974.7,  2311.75
HAWI, 1997-08-02, 35644, 1997.5836,   5,      35.118,    25.9,  1.37,    1975,  2311.57
HAWI, 1997-09-25, 35698, 1997.7315,  25,      35.224,   26.82,  1.39, 1976.49,  2320.32
HAWI, 1997-09-25, 35698, 1997.7315,   5,      35.232,   26.83,  1.42,  1977.2,  2319.59
HAWI, 1997-12-05, 35769, 1997.9260,  25,      35.142,   24.52,  1.37, 1975.66,  2311.49
HAWI, 1998-01-11, 35806, 1998.0274,  25,      35.161,   23.27,   1.3, 1983.04,  2314.11
HAWI, 1998-01-11, 35806, 1998.0274,   5,      35.105,   23.52,  1.34,    1981,  2309.92
HAWI, 1998-02-19, 35845, 1998.1342,  24,      35.235,   22.82,   1.3, 1990.97,   2319.1
HAWI, 1998-02-19, 35845, 1998.1342,   5,      35.232,   22.82,  1.32, 1990.58,  2319.79
HAWI, 1998-03-18, 35872, 1998.2082,  26,      35.134,    24.1,  1.34, 1980.78,  2311.84
HAWI, 1998-03-18, 35872, 1998.2082,   5,      35.174,    24.8,  1.35,  1982.2,  2314.65
HAWI, 1998-04-15, 35900, 1998.2849,  25,      35.205,   22.77,   1.3, 1988.84,  2315.73
HAWI, 1998-04-15, 35900, 1998.2849,   5,      35.204,   23.07,  1.32, 1988.52,  2316.08
HAWI, 1998-05-13, 35928, 1998.3616,  25,      35.329,   23.28,   NaN, 1996.52,   2320.2
HAWI, 1998-05-13, 35928, 1998.3616,   5,      35.281,    23.3,  1.31, 1994.64,  2318.83
HAWI, 1998-06-17, 35963, 1998.4575,  25,      35.282,   24.12,  1.32, 1995.51,  2318.53
HAWI, 1998-06-17, 35963, 1998.4575,   5,      35.273,   24.11,  1.35, 1994.84,  2320.26
HAWI, 1998-07-15, 35991, 1998.5342,  25,      35.382,   24.29,  1.31,  1999.8,  2325.91
HAWI, 1998-07-15, 35991, 1998.5342,   5,      35.372,    24.3,   1.3, 1999.82,  2327.27
HAWI, 1998-08-10, 36017, 1998.6055,  26,      35.161,   25.17,  1.37,  1984.7,   2309.5
HAWI, 1998-08-10, 36017, 1998.6055,   5,      35.213,   25.38,  1.42,  1981.2,  2315.23
HAWI, 1998-09-28, 36066, 1998.7397,  25,      35.295,   25.48,  1.37, 1990.92,   2322.1
HAWI, 1998-09-28, 36066, 1998.7397,   5,      35.292,   25.47,  1.37, 1991.05,  2321.98
HAWI, 1998-10-19, 36087, 1998.7973,  25,      35.355,   25.68,  1.35, 1986.59,  2322.25
HAWI, 1998-10-19, 36087, 1998.7973,   5,       35.35,   25.67,  1.36, 1986.29,  2324.15
HAWI, 1998-11-11, 36110, 1998.8603,  25,       35.44,   25.25,  1.34, 1995.62,  2331.12
HAWI, 1998-11-11, 36110, 1998.8603,   5,      35.434,   25.26,  1.33, 1995.63,  2329.25
HAWI, 1998-12-09, 36138, 1998.9370,  26,      35.285,   23.82,   1.3, 1996.31,  2322.06
HAWI, 1998-12-09, 36138, 1998.9370,   5,      35.286,   23.81,  1.34, 1996.66,   2321.6
HAWI, 1999-01-13, 36173, 1999.0329,  23,      35.209,   23.41,  1.31, 1995.49,  2319.55
HAWI, 1999-01-13, 36173, 1999.0329,   5,      35.214,   23.41,  1.32, 1995.26,  2319.55
HAWI, 1999-02-18, 36209, 1999.1315,  25,       35.34,   23.05,  1.24, 2002.45,  2324.74
HAWI, 1999-02-18, 36209, 1999.1315,   5,      35.355,   23.38,  1.29, 2003.53,   2327.1
HAWI, 1999-03-17, 36236, 1999.2055,  25,      35.191,    23.5,  1.35, 1990.58,  2314.85
HAWI, 1999-03-17, 36236, 1999.2055,   5,      35.192,   23.48,  1.26, 1990.66,  2313.91
HAWI, 1999-04-14, 36264, 1999.2822,  25,      35.335,   22.58,  1.23, 2006.23,  2323.41
HAWI, 1999-04-14, 36264, 1999.2822,   5,      35.337,   22.63,  1.26, 2006.71,  2322.66
HAWI, 1999-05-10, 36290, 1999.3534,  25,      35.371,   23.71,  1.23, 2006.71,  2321.77
HAWI, 1999-05-10, 36290, 1999.3534,   5,      35.361,   23.71,  1.27, 2005.47,   2325.9
HAWI, 1999-07-14, 36355, 1999.5315,  25,      34.934,   25.04,  1.28, 1972.04,  2295.92
HAWI, 1999-07-14, 36355, 1999.5315,   5,      34.939,   25.04,  1.31,  1973.2,  2295.29
HAWI, 1999-08-14, 36386, 1999.6164,  26,      35.296,   25.46,  1.31, 1992.83,     2318
HAWI, 1999-08-14, 36386, 1999.6164,   5,      35.294,   25.48,  1.29, 1992.64,  2316.17
HAWI, 1999-10-15, 36448, 1999.7863,   5,      35.145,    25.8,  1.31, 1979.58,  2305.43
HAWI, 1999-11-09, 36473, 1999.8548,   5,      35.311,   25.34,   1.3, 1985.24,  2315.92
HAWI, 1999-12-15, 36509, 1999.9534,   5,      35.201,   24.12,  1.26, 1991.22,  2310.66
HAWI, 2000-02-03, 36559, 2000.0902,   4,      35.351,   23.11,  1.22, 2001.18,  2322.96
HAWI, 2000-03-01, 36586, 2000.1639,   5,      35.183,   23.52,  1.28, 1993.39,  2315.73
HAWI, 2000-03-29, 36614, 2000.2404,   5,      35.364,   23.49,  1.23, 1999.15,  2323.59
HAWI, 2000-04-26, 36642, 2000.3169,   5,      34.939,   23.79,  1.24, 1982.26,  2298.12
HAWI, 2000-05-23, 36669, 2000.3907,   5,      34.954,   24.88,  1.26, 1978.56,  2294.99
HAWI, 2000-06-20, 36697, 2000.4672,   5,      35.185,   25.56,  1.35, 1987.77,  2311.35
HAWI, 2000-07-25, 36732, 2000.5628,   5,      35.325,   25.88,  1.35, 1985.45,  2316.36
HAWI, 2000-08-22, 36760, 2000.6393,  25,      35.451,    25.9,  1.33, 1992.68,  2330.38
HAWI, 2000-08-22, 36760, 2000.6393,   5,      35.466,    25.9,  1.28, 1994.17,  2331.15
HAWI, 2000-10-18, 36817, 2000.7951,   5,       35.36,    25.7,  1.27, 1992.91,  2325.11
HAWI, 2000-11-30, 36860, 2000.9126,   5,      34.996,    24.9,  1.24, 1980.66,  2302.65
HAWI, 2000-12-20, 36880, 2000.9672,   4,      34.916,    24.7,  1.24, 1976.46,  2295.37
HAWI, 2001-01-17, 36908, 2001.0438,   6,      35.071,    24.4,  1.25,  1984.7,  2305.88
HAWI, 2001-02-14, 36936, 2001.1205,   4,      35.306,    23.4,  1.18, 2000.64,  2318.95
HAWI, 2001-03-21, 36971, 2001.2164,   4,      35.041,    23.7,  1.23, 1984.73,  2302.44
HAWI, 2001-04-18, 36999, 2001.2932,   4,      35.145,    23.5,  1.22, 1992.91,  2313.54
HAWI, 2001-05-17, 37028, 2001.3726,   4,      35.257,    23.8,  1.19, 1995.24,  2317.25
HAWI, 2001-06-14, 37056, 2001.4493,   4,      35.233,   24.93,  1.21, 1991.22,  2314.75
HAWI, 2001-07-11, 37083, 2001.5233,   5,      35.124,   26.17,  1.23, 1976.75,  2309.66
HAWI, 2001-08-08, 37111, 2001.6000,   4,       35.22,   25.81,  1.27, 1986.38,  2315.81
HAWI, 2001-10-02, 37166, 2001.7507,   6,      35.383,   26.17,  1.26, 1986.99,  2323.85
HAWI, 2001-10-23, 37187, 2001.8082,   5,      35.398,   25.44,  1.29, 1992.65,   2326.7
HAWI, 2001-11-17, 37212, 2001.8767,   5,      35.214,   25.33,  1.26, 1983.01,  2314.98
HAWI, 2001-12-14, 37239, 2001.9507,   5,      35.236,   24.17,  1.21, 1991.48,  2314.81
HAWI, 2002-01-16, 37272, 2002.0411,   5,      35.319,   23.68, 1.213, 1998.09,  2320.06
HAWI, 2002-02-21, 37308, 2002.1397,   5,      35.249,   23.02,  1.15, 1996.88,  2316.61
HAWI, 2002-03-13, 37328, 2002.1945,   5,      35.334,   22.98, 1.149, 2004.23,  2321.77
HAWI, 2002-05-21, 37397, 2002.3836,   5,      34.847,   24.85, 1.158, 1971.33,  2292.39
HAWI, 2002-06-30, 37437, 2002.4932,   5,      34.882,   25.81,   1.2, 1969.53,  2292.61
HAWI, 2002-08-28, 37496, 2002.6548,  25,      34.992,   26.38, 1.229, 1968.57,  2300.41
HAWI, 2002-08-28, 37496, 2002.6548,   5,      34.967,    26.4, 1.219,  1967.6,  2299.46
HAWI, 2002-10-07, 37536, 2002.7644,   5,      35.058,   26.36, 1.264, 1968.41,  2305.15
HAWI, 2002-11-04, 37564, 2002.8411,   5,      35.146,   25.92, 1.246, 1972.84,  2311.81
HAWI, 2002-11-25, 37585, 2002.8986,   4,      35.208,   25.39, 1.243, 1978.24,     2315
HAWI, 2002-12-19, 37609, 2002.9644,   5,      35.277,   24.57, 1.198, 1985.84,  2320.43
HAWI, 2003-01-17, 37638, 2003.0438,  25,      35.335,   23.69, 1.208, 1993.94,  2325.51
HAWI, 2003-01-17, 37638, 2003.0438,   4,      35.337,   23.68, 1.187,  1994.7,  2325.07
HAWI, 2003-02-26, 37678, 2003.1534,  24,      35.323,   23.36, 1.156, 1996.76,  2322.06
HAWI, 2003-02-26, 37678, 2003.1534,   5,      35.322,   23.37, 1.123, 1996.39,  2323.42
HAWI, 2003-03-29, 37709, 2003.2384,  26,       35.34,   23.57, 1.173, 1996.55,   2327.2
HAWI, 2003-03-29, 37709, 2003.2384,  10,      35.341,   23.56, 1.157, 1996.93,  2324.85
HAWI, 2003-04-24, 37735, 2003.3096,  25,      35.002,   24.95, 1.196, 1973.99,  2302.38
HAWI, 2003-04-24, 37735, 2003.3096,   6,      35.002,   24.67, 1.189, 1973.29,  2302.97
HAWI, 2003-05-21, 37762, 2003.3836,  24,      35.072,   25.29, 1.195, 1975.58,  2307.75
HAWI, 2003-05-21, 37762, 2003.3836,   5,      35.073,   25.28, 1.165, 1974.91,  2304.66
HAWI, 2003-06-20, 37792, 2003.4658,  25,       35.16,   25.79, 1.195, 1978.52,  2312.09
HAWI, 2003-06-20, 37792, 2003.4658,   6,      35.163,   25.79, 1.135, 1979.88,  2308.48
HAWI, 2003-07-20, 37822, 2003.5479,  25,      35.331,   25.98, 1.188, 1989.31,  2322.81
HAWI, 2003-07-20, 37822, 2003.5479,   5,      35.312,   26.14, 1.146, 1986.95,  2320.31
HAWI, 2003-08-21, 37854, 2003.6356,   5,      34.916,   26.29, 1.154, 1965.27,   2295.5
HAWI, 2003-10-15, 37909, 2003.7863,   5,      35.035,    26.8, 1.208,  1967.4,  2302.53
HAWI, 2003-11-10, 37935, 2003.8575,   5,      35.216,    26.5, 1.247, 1972.74,  2312.12
HAWI, 2003-12-20, 37975, 2003.9671,   5,      35.311,    24.1, 1.132, 1988.59,  2318.86
HAWI, 2004-01-22, 38008, 2004.0574,   5,      35.213,   24.12, 1.125, 1986.66,  2319.49
HAWI, 2004-02-25, 38042, 2004.1503,   5,      34.943,   24.67, 1.109, 1971.92,  2295.35
HAWI, 2004-03-20, 38066, 2004.2158,   8,      35.192,   23.07, 1.109, 1989.82,  2317.32
HAWI, 2004-04-20, 38097, 2004.3005,   5,      34.976,   23.92, 1.095,  1977.2,  2298.92
HAWI, 2004-05-19, 38126, 2004.3798,   4,      34.583,   25.52, 1.154,  1953.6,  2274.41
HAWI, 2004-06-16, 38154, 2004.4563,   4,       34.75,   25.86, 1.137, 1961.26,  2282.88
HAWI, 2004-07-14, 38182, 2004.5328,   5,      34.607,   25.52, 1.176,  1951.4,  2274.36
HAWI, 2004-08-17, 38216, 2004.6257,   5,      34.879,    26.9, 1.208, 1960.47,   2290.1
HAWI, 2004-09-29, 38259, 2004.7432,   5,        34.9,    27.4, 1.187,  1956.6,  2292.81
HAWI, 2004-10-31, 38291, 2004.8306,   5,      35.227,   26.02, 1.159, 1980.27,  2313.71
HAWI, 2004-11-28, 38319, 2004.9071,   5,      34.926,   26.56, 1.187, 1956.67,  2292.41
HAWI, 2004-12-21, 38342, 2004.9699,   5,      35.011,   25.25, 1.143, 1969.31,  2298.73
HAWI, 2005-02-02, 38385, 2005.0877,   5,      34.997,   24.04, 1.099, 1972.23,  2298.34
HAWI, 2005-03-05, 38416, 2005.1726,   6,      35.011,   23.98, 1.067, 1976.52,   2299.1
HAWI, 2005-05-19, 38491, 2005.3781,  10,        34.9,   25.21, 1.134, 1974.03,   2295.9
HAWI, 2005-06-15, 38518, 2005.4521,   5,      35.245,   25.32,  1.08, 1992.39,  2315.31
HAWI, 2005-07-17, 38550, 2005.5397,   5,      34.977,   25.93,  1.13, 1974.52,  2298.88
HAWI, 2005-08-14, 38578, 2005.6164,   5,      35.108,   26.31, 1.144, 1977.11,  2306.86
HAWI, 2005-09-10, 38605, 2005.6904,   6,       35.02,   26.81,  1.19, 1969.34,   2301.3
HAWI, 2005-10-10, 38635, 2005.7726,  25,      35.173,   26.26,   NaN, 1978.75,     2312
HAWI, 2005-10-10, 38635, 2005.7726,   7,      35.165,  26.267, 1.194, 1978.17,   2317.7
HAWI, 2005-11-12, 38668, 2005.8630,  24,      35.086,   25.25, 1.141, 1983.31, 2309.275
HAWI, 2005-11-12, 38668, 2005.8630,   5,       35.08,  25.247, 1.144, 1985.04,  2312.68
HAWI, 2005-12-13, 38699, 2005.9479,   6,      35.149,  24.943, 1.145, 1984.49,  2315.78
HAWI, 2006-01-26, 38743, 2006.0685,   7,      35.267,  23.628, 1.085, 1999.55,  2323.82
HAWI, 2006-02-15, 38763, 2006.1233,   7,      35.165,    23.1, 1.078, 2001.06,  2319.39
HAWI, 2006-03-09, 38785, 2006.1836,   8,      35.112,  23.268, 1.073, 1994.46,  2314.62
HAWI, 2006-04-02, 38809, 2006.2493,   5,      34.693,  23.906, 1.067, 1964.41,  2286.47
HAWI, 2006-05-27, 38864, 2006.4000,  10,      35.227,  23.507, 1.013, 2000.23,  2320.55
HAWI, 2006-07-13, 38911, 2006.5288,   9,      34.898,  25.284, 1.112, 1979.42,  2299.87
HAWI, 2006-08-09, 38938, 2006.6027,   8,      34.868,  26.326, 1.119, 1968.94,  2296.75
HAWI, 2006-09-16, 38976, 2006.7068,   5,      35.188,  26.503, 1.142, 1982.65,   2317.4
HAWI, 2006-10-21, 39011, 2006.8027,   8,      35.152,  26.183, 1.099,  1988.8,  2318.24
HAWI, 2006-11-09, 39030, 2006.8548,   9,      35.105,  25.939,  1.14, 1984.46,  2313.44
HAWI, 2006-12-10, 39061, 2006.9397,   5,      35.244,   24.88, 1.065, 1986.62,  2317.83
HAWI, 2007-02-07, 39120, 2007.1014,   5,      35.207,   23.79, 1.047,  1993.8,  2316.07
HAWI, 2007-03-21, 39162, 2007.2164,   5,      35.114,   23.52, 0.982, 1996.48,   2311.5
HAWI, 2007-05-07, 39209, 2007.3452,   5,      34.861,   24.68, 1.108, 1977.53,  2296.55
HAWI, 2007-07-08, 39271, 2007.5151,   5,      35.065,   25.61, 1.075,  1987.7,  2309.06
HAWI, 2007-08-03, 39297, 2007.5863,   5,      35.014,    26.4, 1.105, 1980.14,   2305.4
HAWI, 2007-09-02, 39327, 2007.6685,   5,         NaN,     NaN, 1.128,     NaN,      NaN
HAWI, 2007-09-02, 39327, 2007.6685,   5,      35.085,    26.2,   NaN, 1982.92,  2310.07
HAWI, 2007-10-02, 39357, 2007.7507,   5,      35.073,    25.6, 1.089, 1984.79,  2310.78
HAWI, 2007-12-01, 39417, 2007.9151,   5,       34.94,      25,   NaN, 1982.15,  2301.27
HAWI, 2007-12-20, 39436, 2007.9671,   5,      35.031,    24.3, 1.083,  1986.3,  2305.49
HAWI, 2008-01-30, 39477, 2008.0792,   7,      35.167,   23.07, 0.989, 2002.25,  2316.84
HAWI, 2008-02-24, 39502, 2008.1475,   8,      35.191,   23.54, 0.927, 2006.02,  2317.77
HAWI, 2008-05-28, 39596, 2008.4044,   8,      34.767,   25.23, 1.067, 1978.86,  2289.47
HAWI, 2008-06-26, 39625, 2008.4836,   8,      35.063,   25.51, 1.077, 1986.81,  2308.51
HAWI, 2008-07-27, 39656, 2008.5683,   6,      34.952,   25.95, 1.106, 1980.08,  2304.09
HAWI, 2008-08-17, 39677, 2008.6257,  25,      35.055,   26.03,   NaN, 1991.33,  2310.47
HAWI, 2008-08-17, 39677, 2008.6257,   8,      35.047,   26.04, 1.124, 1986.17, 2311.115
HAWI, 2008-10-11, 39732, 2008.7760,   6,       35.29,    26.3, 1.165, 1987.59, 2324.885
HAWI, 2008-12-01, 39783, 2008.9153,  24,      35.235,   24.87,   NaN, 1995.72,  2320.35
HAWI, 2008-12-01, 39783, 2008.9153,   7,      35.227,   24.87, 1.118, 1995.61, 2323.695
HAWI, 2009-01-20, 39833, 2009.0521,  25,      35.324,   23.45,   NaN, 2012.51,  2323.59
HAWI, 2009-01-20, 39833, 2009.0521,   5,      35.315,   23.43,  0.96, 2003.17, 2328.3425
HAWI, 2009-02-17, 39861, 2009.1288,   5,      35.314,   22.86, 0.969, 2007.51, 2326.055
HAWI, 2009-04-28, 39931, 2009.3205,  25,      35.237,    22.9,   NaN, 2012.84,  2318.81
HAWI, 2009-04-28, 39931, 2009.3205,   5,      35.225,   22.92, 0.999, 2013.07, 2319.485
HAWI, 2009-05-27, 39960, 2009.4000,   5,       35.37,   25.38, 0.926,  2012.7,  2327.94
HAWI, 2009-07-03, 39997, 2009.5014,   5,      35.076,   25.55, 1.068, 1997.88,  2313.32
HAWI, 2009-07-25, 40019, 2009.5616,   5,      35.159,   25.86, 1.029, 2001.65,  2319.16
HAWI, 2009-08-18, 40043, 2009.6274,   5,      35.201,   26.18,   1.1, 1998.09,  2320.63
HAWI, 2009-09-24, 40080, 2009.7288,   5,      35.464,   26.51,   NaN, 2007.79,  2336.24
HAWI, 2009-11-04, 40121, 2009.8411,   5,     35.2764,   26.13, 1.072, 1998.57,  2323.91
HAWI, 2009-12-10, 40157, 2009.9397,   5,    35.36675,   24.47, 1.022,  2011.1, 2330.005
HAWI, 2010-03-10, 40247, 2010.1863,   5,    35.27095,   23.34, 1.061, 2004.99,  2324.21
HAWI, 2010-04-07, 40275, 2010.2630,   5,     35.2636,   23.36,  1.06, 2009.09,   2325.6
HAWI, 2010-05-19, 40317, 2010.3781,   5,     35.2559,   24.39, 1.043, 2004.68,  2323.88
HAWI, 2010-06-09, 40338, 2010.4356,   5,    35.27515,   24.83, 1.113, 1997.58, 2325.505
HAWI, 2010-07-09, 40368, 2010.5178,   5,    35.39135,   25.78,  0.98,  2014.5,  2331.12
HAWI, 2010-08-08, 40398, 2010.6000,   5,     35.2282,   25.52, 1.044, 1993.75, 2319.555
HAWI, 2010-09-04, 40425, 2010.6740,   5,     35.1023,   25.67, 1.047, 1995.07, 2313.575
HAWI, 2010-10-04, 40455, 2010.7562,   5,     35.2181,   26.03, 1.039,  2000.4,  2321.37
HAWI, 2010-11-20, 40502, 2010.8849,   5,    35.11605,   25.05, 1.034, 1998.16,  2314.89
HAWI, 2011-01-28, 40571, 2011.0740,   5,      35.387,   23.63, 0.854, 2019.72,  2332.33
HAWI, 2011-02-28, 40602, 2011.1589,   5, 35.17656667,   24.41,  1.02, 1997.11,  2316.91
HAWI, 2011-04-11, 40644, 2011.2740,   5, 35.05817778,   24.02,  0.95, 1996.79,  2310.97
HAWI, 2011-05-09, 40672, 2011.3507,   5, 35.28123889,   24.31,   NaN, 2003.88,  2322.57
HAWI, 2011-07-19, 40743, 2011.5452,   5,      34.962,   25.34,  0.99, 1988.23,   2302.5
HAWI, 2011-08-30, 40785, 2011.6603,   5,      35.225,   26.07, 1.005, 1993.68,  2317.62
HAWI, 2011-09-26, 40812, 2011.7342,   5,      35.235,   26.33, 1.019,  1996.1,  2319.68
HAWI, 2011-11-04, 40851, 2011.8411,   5,      35.186,   25.71, 1.056, 1990.03,  2314.04
HAWI, 2011-11-28, 40875, 2011.9068,   5,      35.235,   24.78,   NaN, 1998.33,  2318.52
HAWI, 2011-12-19, 40896, 2011.9644,   5,       35.28,   24.02, 0.891, 2007.31,  2324.13
HAWI, 2012-01-18, 40926, 2012.0464,   5,      35.209,   23.64, 0.981,  2009.2,  2322.68
HAWI, 2012-03-25, 40993, 2012.2295,   5,      35.191,   22.92, 0.937, 2010.99,  2324.61
HAWI, 2012-05-03, 41032, 2012.3361,   5,       35.11,   23.47, 0.991, 2008.32,  2320.42
HAWI, 2012-05-31, 41060, 2012.4126,   5,      35.135,   24.26, 0.973, 2005.08,  2320.77
HAWI, 2012-06-27, 41087, 2012.4863,   5,      35.217,   24.35,  0.96, 2014.14,  2325.69
HAWI, 2012-07-31, 41121, 2012.5792,   5,      35.132,   25.06, 0.998, 2008.11,  2318.81
HAWI, 2012-08-17, 41138, 2012.6257,   5,      34.988,   25.31, 0.993, 1999.775,  2311.84
HAWI, 2012-09-14, 41166, 2012.7022,   5,      35.017,   25.32,   NaN, 2000.13,  2313.11
HAWI, 2012-10-07, 41189, 2012.7650,   5,       35.05,   25.65,  0.98, 2004.21,  2316.91
HAWI, 2013-02-13, 41318, 2013.1178,   5,         NaN, 23.1879,  0.95,     NaN,      NaN
HAWI, 2013-03-07, 41340, 2013.1781,   5, 35.37963333, 22.7483, 0.788, 2034.94, 2332.385
HAWI, 2013-04-06, 41370, 2013.2603,   5, 35.43365833, 22.8604, 0.834, 2034.27, 2334.895
HAWI, 2013-05-18, 41412, 2013.3753,   5,      34.878, 24.9488, 0.892, 2005.79,  2302.65
HAWI, 2013-06-26, 41451, 2013.4822,   5,    35.18735, 25.2464, 0.838, 2020.31,  2322.06
HAWI, 2013-09-11, 41528, 2013.6932,   5,     35.4961, 26.9498, 1.024, 2010.66, 2339.725
HAWI, 2013-10-28, 41575, 2013.8219,   5,     35.1642, 26.4793, 1.002, 2002.28,  2328.46
HAWI, 2013-11-27, 41605, 2013.9041,   5,     35.4426, 25.5839,  1.01, 2009.82,  2343.36
HAWI, 2014-01-15, 41654, 2014.0384,   5,         NaN,     NaN, 0.864, 2022.75,      NaN
HAWI, 2014-01-15, 41654, 2014.0384,   5,         NaN,     NaN,  0.86, 2025.59,      NaN
HAWI, 2014-02-13, 41683, 2014.1178,   5,     35.4317,    24.9, 0.809, 2025.15,  2336.23
HAWI, 2014-03-04, 41702, 2014.1699,   5, 35.17491667,    24.4, 1.008, 2003.55, 2322.085
HAWI, 2014-04-09, 41738, 2014.2685,   5,     35.3337,    24.4, 0.802, 2025.05, 2326.595
HAWI, 2014-04-09, 41738, 2014.2685,   5,         NaN,     NaN, 0.944,     NaN,      NaN
HAWI, 2014-05-30, 41789, 2014.4082,   5,     35.2116,      26, 0.959, 2004.22,  2320.63
HAWI, 2014-06-29, 41819, 2014.4904,   5,   35.247275,    26.6, 0.908, 2009.62, 2320.245
HAWI, 2014-09-13, 41895, 2014.6986,   5,     34.8999,    27.5, 0.914, 1989.23,  2298.55
HAWI, 2014-10-12, 41924, 2014.7781,   5, 34.96665833,      29, 1.068, 1981.06,  2310.98
HAWI, 2014-11-20, 41963, 2014.8849,   5,    35.36985,    26.4,  0.97, 2001.42, 2328.125
HAWI, 2014-11-20, 41963, 2014.8849,   5, 35.35844167,     NaN, 1.025, 1997.94,  2330.82
HAWI, 2014-12-17, 41990, 2014.9589,   5,     35.3582,     NaN, 0.919, 2014.04,  2330.42
HAWI, 2015-05-22, 42146, 2015.3863,   5,     35.1857,     NaN, 0.939, 2007.55,      NaN
HAWI, 2015-06-18, 42173, 2015.4603,   5,         NaN,     NaN, 0.935, 1995.55,  2313.38
HAWI, 2015-06-18, 42173, 2015.4603,   5,     35.0736,     NaN, 0.935, 1995.08,  2312.87
HAWI, 2015-08-12, 42228, 2015.6110,   5,     35.3225,     NaN, 0.927, 2004.41,  2324.28
HAWI, 2015-10-13, 42290, 2015.7808,   5,     35.2748,    25.9, 0.958, 1995.92,  2333.55
HAWI, 2015-11-13, 42321, 2015.8658,   5,     35.1966,    25.7, 0.952, 1996.34,     2315
HAWI, 2015-12-08, 42346, 2015.9342,   5,     35.0146,     NaN, 0.886, 1986.42,  2307.77
HAWI, 2016-02-09, 42409, 2016.1066,   5,     35.0318,     NaN, 0.823,  1998.7, 2309.375
HAWI, 2016-03-09, 42438, 2016.1858,   5,     35.0896,     NaN, 0.896, 1997.01, 2312.285
HAWI, 2016-04-14, 42474, 2016.2842,   5,     34.9048,     NaN, 0.857, 1985.86,  2299.36
HAWI, 2016-07-11, 42562, 2016.5246,   5,     34.8889,     NaN, 0.896, 1986.13, 2300.035
HAWI, 2016-08-09, 42591, 2016.6038,   5,     34.8994,     NaN, 0.818,  1987.6, 2296.475
HAWI, 2016-10-15, 42658, 2016.7869,   5,     34.9704,     NaN, 0.881, 1987.44,  2301.61
HAWI, 2016-11-26, 42700, 2016.9016,   5,     35.1393,     NaN, 0.882, 1996.93, 2312.765
